﻿[
  {
    "totalRevenue": [
      {
        "month": "July",
        "sales": 20000
      },
      {
        "month": "August",
        "sales": 22000
      },
      {
        "month": "September",
        "sales": 21000
      },
      {
        "month": "October",
        "sales": 23000
      },
      {
        "month": "November",
        "sales": 24000
      },
      {
        "month": "December",
        "sales": 25000
      }
    ],
    "totalExpenses": [
      {
        "month": "July",
        "expenses": 15000
      },
      {
        "month": "August",
        "expenses": 16000
      },
      {
        "month": "September",
        "expenses": 17000
      },
      {
        "month": "October",
        "expenses": 18000
      },
      {
        "month": "November",
        "expenses": 19000
      },
      {
        "month": "December",
        "expenses": 20000
      }
    ],

    "totalProfit": [
      {
        "month": "July",
        "profit": 5000
      },
      {
        "month": "August",
        "profit": 6000
      },
      {
        "month": "September",
        "profit": 4000
      },
      {
        "month": "October",
        "profit": 5000
      },
      {
        "month": "November",
        "profit": 5000
      },
      {
        "month": "December",
        "profit": 5000
      }
    ],
    "totalUnitsSold": [
      {
        "month": "July",
        "units": 1000
      },
      {
        "month": "August",
        "units": 1200
      },
      {
        "month": "September",
        "units": 1100
      },
      {
        "month": "October",
        "units": 1300
      },
      {
        "month": "November",
        "units": 1400
      },
      {
        "month": "December",
        "units": 1500
      }
    ],
    "returns": [
      {
        "month": "July",
        "customers": 200
      },
      {
        "month": "August",
        "customers": 220
      },
      {
        "month": "September",
        "customers": 210
      },
      {
        "month": "October",
        "customers": 230
      },
      {
        "month": "November",
        "customers": 240
      },
      {
        "month": "December",
        "customers": 250
      }
    ]

]